,tif_name,tif_year,property_tax_extraction,transfers_in,transfers_out,cumulative_transfers_in,cumulative_transfers_out,cumulative_property_tax_extraction
0,105th Street and Vincennes Avenue,2014,133001,353381,0,353381,0,133001
1,105th Street and Vincennes Avenue,2015,648627,353381,0,706762,0,781628
2,105th Street and Vincennes Avenue,2016,768234,0,0,706762,0,1549862
3,105th Street and Vincennes Avenue,2017,1190748,0,0,706762,0,2740610
4,105th Street and Vincennes Avenue,2018,1038646,706761,0,1413523,0,3779256
5,105th Street and Vincennes Avenue,2019,778591,0,0,1413523,0,4557847
6,105th Street and Vincennes Avenue,2020,759998,0,0,1413523,0,5317845
7,105th Street and Vincennes Avenue,2021,1311739,0,0,1413523,0,6629584
8,105th Street and Vincennes Avenue,2022,1383445,0,0,1413523,0,8013029
9,107th/Halsted,2014,0,0,0,0,0,0
10,107th/Halsted,2015,0,0,0,0,0,0
11,107th/Halsted,2016,441840,1000000,0,1000000,0,441840
12,107th/Halsted,2017,707201,0,0,1000000,0,1149041
13,107th/Halsted,2018,587691,0,0,1000000,0,1736732
14,107th/Halsted,2019,230920,0,0,1000000,0,1967652
15,107th/Halsted,2020,290089,0,0,1000000,0,2257741
16,107th/Halsted,2021,519754,0,0,1000000,0,2777495
17,107th/Halsted,2022,770768,0,0,1000000,0,3548263
18,111th Street/Kedzie Avenue Business District,2014,525591,0,0,0,0,525591
19,111th Street/Kedzie Avenue Business District,2015,481978,0,0,0,0,1007569
20,111th Street/Kedzie Avenue Business District,2016,559694,0,0,0,0,1567263
21,111th Street/Kedzie Avenue Business District,2017,550035,0,500000,0,500000,2117298
22,111th Street/Kedzie Avenue Business District,2018,940598,0,500000,0,1000000,3057896
23,111th Street/Kedzie Avenue Business District,2019,716663,0,1000000,0,2000000,3774559
24,111th Street/Kedzie Avenue Business District,2020,917466,0,0,0,2000000,4692025
25,111th Street/Kedzie Avenue Business District,2021,957051,0,0,0,2000000,5649076
26,111th Street/Kedzie Avenue Business District,2022,983427,0,0,0,2000000,6632503
27,116th/Avenue O,2018,0,0,0,0,0,0
28,116th/Avenue O,2019,16016,0,0,0,0,16016
29,116th/Avenue O,2020,15433,0,0,0,0,31449
30,116th/Avenue O,2021,595644,4512000,0,4512000,0,627093
31,116th/Avenue O,2022,699213,0,0,4512000,0,1326306
32,119th and Halsted,2014,575934,97500,0,97500,0,575934
33,119th and Halsted,2015,526116,0,0,97500,0,1102050
34,119th and Halsted,2016,1145160,0,375000,97500,375000,2247210
35,119th and Halsted,2017,1176017,0,0,97500,375000,3423227
36,119th and Halsted,2018,1335553,0,0,97500,375000,4758780
37,119th and Halsted,2019,778931,0,0,97500,375000,5537711
38,119th and Halsted,2020,926794,0,0,97500,375000,6464505
39,119th and Halsted,2021,1036352,0,0,97500,375000,7500857
40,119th and Halsted,2022,829852,0,719405,97500,1094405,8330709
41,119th Street/I-57,2014,2459698,0,353381,0,353381,2459698
42,119th Street/I-57,2015,3068497,0,353381,0,706762,5528195
43,119th Street/I-57,2016,2884860,0,625000,0,1331762,8413055
44,119th Street/I-57,2017,4572379,0,0,0,1331762,12985434
45,119th Street/I-57,2018,3349436,0,1037876,0,2369638,16334870
46,119th Street/I-57,2019,2321737,0,0,0,2369638,18656607
47,119th Street/I-57,2020,2767737,0,0,0,2369638,21424344
48,119th Street/I-57,2021,2951978,0,0,0,2369638,24376322
49,119th Street/I-57,2022,2563110,0,0,0,2369638,26939432
50,126th/Torrence,2014,954516,0,0,0,0,954516
51,126th/Torrence,2015,814747,0,0,0,0,1769263
52,126th/Torrence,2016,1581369,0,0,0,0,3350632
53,126th/Torrence,2017,536090,400000,34000,400000,34000,3886722
54,134th/Avenue K,2014,1785,0,0,0,0,1785
55,24th/Michigan,2014,984113,23902753,4115000,23902753,4115000,984113
56,24th/Michigan,2015,1284525,16528924,0,40431677,4115000,2268638
57,24th/Michigan,2016,1680732,11310000,0,51741677,4115000,3949370
58,24th/Michigan,2017,1706116,4310000,0,56051677,4115000,5655486
59,24th/Michigan,2018,3391228,0,0,56051677,4115000,9046714
60,24th/Michigan,2019,3944907,17000000,0,73051677,4115000,12991621
61,24th/Michigan,2020,5471255,0,0,73051677,4115000,18462876
62,24th/Michigan,2021,5417112,0,0,73051677,4115000,23879988
63,24th/Michigan,2022,4781377,0,0,73051677,4115000,28661365
64,26th & King Drive,2014,641682,0,0,0,0,641682
65,26th & King Drive,2015,638732,0,0,0,0,1280414
66,26th & King Drive,2016,869070,0,0,0,0,2149484
67,26th & King Drive,2017,834188,0,0,0,0,2983672
68,26th & King Drive,2018,806341,0,0,0,0,3790013
69,26th & King Drive,2019,849312,0,0,0,0,4639325
70,26th & King Drive,2020,937975,0,0,0,0,5577300
71,26th & King Drive,2021,973897,0,0,0,0,6551197
72,26th & King Drive,2022,854812,0,0,0,0,7406009
73,35th/Halsted,2014,4540874,0,0,0,0,4540874
74,35th/Halsted,2015,4286017,1500000,0,1500000,0,8826891
75,35th/Halsted,2016,6493536,0,0,1500000,0,15320427
76,35th/Halsted,2017,6976459,0,0,1500000,0,22296886
77,35th/Halsted,2018,8659118,0,0,1500000,0,30956004
78,35th/Halsted,2019,9723133,0,1400000,1500000,1400000,40679137
79,35th/Halsted,2020,10846352,0,5300000,1500000,6700000,51525489
80,35th/Halsted,2021,12726077,0,5770000,1500000,12470000,64251566
81,35th/Halsted,2022,16370579,0,0,1500000,12470000,80622145
82,35th/State,2014,1521272,2500000,0,2500000,0,1521272
83,35th/State,2015,1926674,1000000,0,3500000,0,3447946
84,35th/State,2016,1993201,0,0,3500000,0,5441147
85,35th/State,2017,2641807,0,0,3500000,0,8082954
86,35th/State,2018,2124744,0,0,3500000,0,10207698
87,35th/State,2019,1729539,0,0,3500000,0,11937237
88,35th/State,2020,2172892,0,0,3500000,0,14110129
89,35th/State,2021,2742330,0,0,3500000,0,16852459
90,35th/State,2022,2250305,0,0,3500000,0,19102764
91,35th/Wallace,2014,656208,0,0,0,0,656208
92,35th/Wallace,2015,671276,0,0,0,0,1327484
93,35th/Wallace,2016,976723,0,0,0,0,2304207
94,35th/Wallace,2017,1016747,0,0,0,0,3320954
95,35th/Wallace,2018,1122001,0,0,0,0,4442955
96,35th/Wallace,2019,1417718,0,0,0,0,5860673
97,35th/Wallace,2020,1490721,4500000,0,4500000,0,7351394
98,35th/Wallace,2021,1696617,0,0,4500000,0,9048011
99,35th/Wallace,2022,1772818,0,0,4500000,0,10820829
100,41st/King,2014,168003,0,0,0,0,168003
101,41st/King,2015,172110,0,0,0,0,340113
102,41st/King,2016,174717,0,0,0,0,514830
103,41st/King,2017,189908,0,0,0,0,704738
104,41st/King,2018,206032,0,0,0,0,910770
105,43rd Street/Cottage Grove Avenue,2014,2212285,0,0,0,0,2212285
106,43rd Street/Cottage Grove Avenue,2015,2248087,0,0,0,0,4460372
107,43rd Street/Cottage Grove Avenue,2016,2817378,0,0,0,0,7277750
108,43rd Street/Cottage Grove Avenue,2017,2822428,0,0,0,0,10100178
109,43rd Street/Cottage Grove Avenue,2018,3780170,0,0,0,0,13880348
110,43rd Street/Cottage Grove Avenue,2019,3249657,0,0,0,0,17130005
111,43rd Street/Cottage Grove Avenue,2020,3998062,0,0,0,0,21128067
112,43rd Street/Cottage Grove Avenue,2021,4668986,0,0,0,0,25797053
113,43rd Street/Cottage Grove Avenue,2022,4660230,0,0,0,0,30457283
114,45th/Western,2014,20702,0,0,0,0,20702
115,47th/Ashland,2014,1957476,218570,0,218570,0,1957476
116,47th/Ashland,2015,1919124,218318,1700000,436888,1700000,3876600
117,47th/Ashland,2016,2365895,175092,0,611980,1700000,6242495
118,47th/Ashland,2017,2227330,0,0,611980,1700000,8469825
119,47th/Ashland,2018,2881107,0,0,611980,1700000,11350932
120,47th/Ashland,2019,2224700,0,0,611980,1700000,13575632
121,47th/Ashland,2020,3064130,0,0,611980,1700000,16639762
122,47th/Ashland,2021,3100766,0,0,611980,1700000,19740528
123,47th/Ashland,2022,3653301,0,0,611980,1700000,23393829
124,47th/Halsted,2014,2379634,0,218570,0,218570,2379634
125,47th/Halsted,2015,2385013,0,218318,0,436888,4764647
126,47th/Halsted,2016,2867063,0,175092,0,611980,7631710
127,47th/Halsted,2017,2920143,0,2500000,0,3111980,10551853
128,47th/Halsted,2018,3257158,0,1587500,0,4699480,13809011
129,47th/Halsted,2019,3227214,0,1587500,0,6286980,17036225
130,47th/Halsted,2020,3168365,0,0,0,6286980,20204590
131,47th/Halsted,2021,3939031,0,0,0,6286980,24143621
132,47th/Halsted,2022,3904991,0,0,0,6286980,28048612
133,47th and King Drive,2014,6083572,0,0,0,0,6083572
134,47th and King Drive,2015,5553630,0,0,0,0,11637202
135,47th and King Drive,2016,6960378,0,0,0,0,18597580
136,47th and King Drive,2017,6883489,0,300000,0,300000,25481069
137,47th and King Drive,2018,7896419,0,400000,0,700000,33377488
138,47th and King Drive,2019,8884846,0,1400000,0,2100000,42262334
139,47th and King Drive,2020,10276080,0,3600000,0,5700000,52538414
140,47th and King Drive,2021,11625550,0,0,0,5700000,64163964
141,47th and King Drive,2022,11795872,0,0,0,5700000,75959836
142,47th/State,2014,1137051,0,0,0,0,1137051
143,47th/State,2015,1214023,0,0,0,0,2351074
144,47th/State,2016,1259356,0,0,0,0,3610430
145,47th/State,2017,1380662,0,0,0,0,4991092
146,47th/State,2018,1591896,0,0,0,0,6582988
147,47th/State,2019,1897166,0,0,0,0,8480154
148,47th/State,2020,1933398,0,0,0,0,10413552
149,47th/State,2021,2538949,0,0,0,0,12952501
150,47th/State,2022,2265446,0,0,0,0,15217947
151,49th/St. Lawrence,2014,390241,0,0,0,0,390241
152,49th/St. Lawrence,2015,386340,0,0,0,0,776581
153,49th/St. Lawrence,2016,366813,0,0,0,0,1143394
154,49th/St. Lawrence,2017,387501,0,0,0,0,1530895
155,49th/St. Lawrence,2018,465973,0,0,0,0,1996868
156,49th/St. Lawrence,2019,505666,0,0,0,0,2502534
157,49th/St. Lawrence,2020,574745,0,0,0,0,3077279
158,51st/Archer,2014,428257,2707622,0,2707622,0,428257
159,51st/Archer,2015,383874,2708167,0,5415789,0,812131
160,51st/Archer,2016,508925,5169673,0,10585462,0,1321056
161,51st/Archer,2017,749666,3003134,0,13588596,0,2070722
162,51st/Archer,2018,785968,13954017,0,27542613,0,2856690
163,51st/Archer,2019,801120,1010306,0,28552919,0,3657810
164,51st/Archer,2020,2235535,1745000,0,30297919,0,5893345
165,51st/Archer,2021,2363909,1656159,0,31954078,0,8257254
166,51st/Archer,2022,1555434,164338,0,32118416,0,9812688
167,51st and Lake Park,2014,0,0,0,0,0,0
168,51st and Lake Park,2015,0,0,0,0,0,0
169,51st and Lake Park,2016,0,0,0,0,0,0
170,51st and Lake Park,2017,194152,0,0,0,0,194152
171,51st and Lake Park,2018,1868886,0,0,0,0,2063038
172,51st and Lake Park,2019,577211,0,0,0,0,2640249
173,51st and Lake Park,2020,1270706,0,0,0,0,3910955
174,51st and Lake Park,2021,1425853,0,0,0,0,5336808
175,51st and Lake Park,2022,1230417,0,0,0,0,6567225
176,53rd Street,2014,1025942,0,0,0,0,1025942
177,53rd Street,2015,3478507,0,0,0,0,4504449
178,53rd Street,2016,4106746,0,0,0,0,8611195
179,53rd Street,2017,3521069,0,0,0,0,12132264
180,53rd Street,2018,5556590,0,0,0,0,17688854
181,53rd Street,2019,4959792,0,0,0,0,22648646
182,53rd Street,2020,6606612,0,0,0,0,29255258
183,53rd Street,2021,6690785,0,0,0,0,35946043
184,53rd Street,2022,6011914,0,0,0,0,41957957
185,60th/Western,2014,86444,0,2000000,0,2000000,86444
186,60th/Western,2015,319691,0,0,0,2000000,406135
187,60th/Western,2016,200382,0,0,0,2000000,606517
188,60th/Western,2017,135242,0,0,0,2000000,741759
189,60th/Western,2018,254863,0,0,0,2000000,996622
190,60th/Western,2019,168683,0,800000,0,2800000,1165305
191,60th/Western,2020,218182,0,500000,0,3300000,1383487
192,63rd/Ashland,2014,682833,2000000,0,2000000,0,682833
193,63rd/Ashland,2015,683971,1700000,0,3700000,0,1366804
194,63rd/Ashland,2016,887608,0,0,3700000,0,2254412
195,63rd/Ashland,2017,913482,0,0,3700000,0,3167894
196,63rd/Ashland,2018,1188764,0,0,3700000,0,4356658
197,63rd/Ashland,2019,773989,800000,550000,4500000,550000,5130647
198,63rd/Ashland,2020,822149,500000,0,5000000,550000,5952796
199,63rd/Ashland,2021,1003334,0,0,5000000,550000,6956130
200,63rd/Ashland,2022,490467,0,0,5000000,550000,7446597
201,63rd/Pulaski,2014,1560518,0,1677626,0,1677626,1560518
202,63rd/Pulaski,2015,1433774,0,1678014,0,3355640,2994292
203,63rd/Pulaski,2016,1522973,0,1893472,0,5249112,4517265
204,63rd/Pulaski,2017,1402877,0,1846926,0,7096038,5920142
205,63rd/Pulaski,2018,2201497,0,2612731,0,9708769,8121639
206,63rd/Pulaski,2019,2016525,0,1010306,0,10719075,10138164
207,63rd/Pulaski,2020,2233686,0,1745000,0,12464075,12371850
208,63rd/Pulaski,2021,2340139,0,1656159,0,14120234,14711989
209,63rd/Pulaski,2022,2355207,0,164338,0,14284572,17067196
210,67th/Cicero,2014,184254,2934023,0,2934023,0,184254
211,67th/Cicero,2015,212951,0,0,2934023,0,397205
212,67th/Cicero,2016,341931,0,0,2934023,0,739136
213,67th/Cicero,2017,35567,0,0,2934023,0,774703
214,67th/Cicero,2018,286665,0,976540,2934023,976540,1061368
215,67th/Cicero,2019,166844,0,0,2934023,976540,1228212
216,67th/Cicero,2020,462981,0,0,2934023,976540,1691193
217,67th/Cicero,2021,673712,0,0,2934023,976540,2364905
218,67th/Cicero,2022,207648,0,0,2934023,976540,2572553
219,67th and Wentworth,2014,0,0,0,0,0,0
220,67th and Wentworth,2015,0,0,0,0,0,0
221,67th and Wentworth,2016,0,625000,0,0,0,0
222,67th and Wentworth,2017,0,0,0,0,0,0
223,67th and Wentworth,2018,0,0,0,0,0,0
224,67th and Wentworth,2019,0,550000,0,0,0,0
225,67th and Wentworth,2020,0,0,0,0,0,0
226,67th and Wentworth,2021,0,0,0,0,0,0
227,67th and Wentworth,2022,1603,0,0,0,0,1603
228,69th/Ashland,2014,586271,0,0,0,0,586271
229,69th/Ashland,2015,627015,0,0,0,0,1213286
230,69th/Ashland,2016,493362,0,250000,0,250000,1706648
231,71st & Stony Island,2014,2793166,5268841,0,5268841,0,2793166
232,71st & Stony Island,2015,2403826,4915021,0,10183862,0,5196992
233,71st & Stony Island,2016,2596970,5141826,0,15325688,0,7793962
234,71st & Stony Island,2017,2438760,5566982,0,20892670,0,10232722
235,71st & Stony Island,2018,3400461,5565642,0,26458312,0,13633183
236,71st & Stony Island,2019,2970098,8000000,0,34458312,0,16603281
237,71st & Stony Island,2020,3771025,0,0,34458312,0,20374306
238,71st & Stony Island,2021,4587897,0,0,34458312,0,24962203
239,71st & Stony Island,2022,4181586,2000000,0,36458312,0,29143789
240,73rd/University,2014,92772,0,0,0,0,92772
241,73rd/University,2015,118716,0,0,0,0,211488
242,73rd/University,2016,308970,0,625000,0,625000,520458
243,73rd/University,2017,322434,0,0,0,625000,842892
244,73rd/University,2018,432603,0,0,0,625000,1275495
245,73rd/University,2019,476063,0,750000,0,1375000,1751558
246,73rd/University,2020,548107,0,0,0,1375000,2299665
247,73rd/University,2021,581411,0,0,0,1375000,2881076
248,73rd/University,2022,97081,0,0,0,1375000,2978157
249,79th Street Corridor,2014,600042,0,0,0,0,600042
250,79th Street Corridor,2015,538330,0,0,0,0,1138372
251,79th Street Corridor,2016,777752,0,0,0,0,1916124
252,79th Street Corridor,2017,752624,0,0,0,0,2668748
253,79th Street Corridor,2018,969073,0,0,0,0,3637821
254,79th Street Corridor,2019,836016,0,1000000,0,1000000,4473837
255,79th Street Corridor,2020,1102033,0,0,0,1000000,5575870
256,79th Street Corridor,2021,1275909,0,0,0,1000000,6851779
257,79th Street Corridor,2022,1387353,0,0,0,1000000,8239132
258,79th and Cicero,2014,535878,0,0,0,0,535878
259,79th and Cicero,2015,520367,0,0,0,0,1056245
260,79th and Cicero,2016,733967,0,0,0,0,1790212
261,79th and Cicero,2017,266413,0,0,0,0,2056625
262,79th and Cicero,2018,605606,0,0,0,0,2662231
263,79th and Cicero,2019,795614,0,0,0,0,3457845
264,79th and Cicero,2020,543366,0,0,0,0,4001211
265,79th and Cicero,2021,613291,0,0,0,0,4614502
266,79th and Cicero,2022,491104,0,0,0,0,5105606
267,79th Street/Southwest Highway,2014,1111944,0,0,0,0,1111944
268,79th Street/Southwest Highway,2015,1011710,0,0,0,0,2123654
269,79th Street/Southwest Highway,2016,1228203,0,0,0,0,3351857
270,79th Street/Southwest Highway,2017,1073599,0,0,0,0,4425456
271,79th Street/Southwest Highway,2018,1756655,0,0,0,0,6182111
272,79th Street/Southwest Highway,2019,1376456,0,0,0,0,7558567
273,79th Street/Southwest Highway,2020,2076888,0,0,0,0,9635455
274,79th Street/Southwest Highway,2021,1847884,0,0,0,0,11483339
275,79th Street/Southwest Highway,2022,2037925,0,0,0,0,13521264
276,79th/Vincennes,2014,64931,0,0,0,0,64931
277,79th/Vincennes,2015,25916,0,0,0,0,90847
278,79th/Vincennes,2016,82613,0,375000,0,375000,173460
279,79th/Vincennes,2017,94910,0,0,0,375000,268370
280,79th/Vincennes,2018,176688,0,0,0,375000,445058
281,79th/Vincennes,2019,287298,1000000,0,1000000,375000,732356
282,79th/Vincennes,2020,325229,0,0,1000000,375000,1057585
283,79th/Vincennes,2021,411243,0,0,1000000,375000,1468828
284,79th/Vincennes,2022,284100,0,0,1000000,375000,1752928
285,83rd/Stewart,2014,768701,0,0,0,0,768701
286,83rd/Stewart,2015,941786,0,0,0,0,1710487
287,83rd/Stewart,2016,1354864,0,0,0,0,3065351
288,83rd/Stewart,2017,913655,0,0,0,0,3979006
289,83rd/Stewart,2018,1376141,0,0,0,0,5355147
290,83rd/Stewart,2019,978561,0,0,0,0,6333708
291,83rd/Stewart,2020,1509132,0,0,0,0,7842840
292,83rd/Stewart,2021,1316653,0,0,0,0,9159493
293,83rd/Stewart,2022,1120951,0,0,0,0,10280444
294,87th/Cottage Grove,2014,1418590,0,1688175,0,1688175,1418590
295,87th/Cottage Grove,2015,1180344,0,1687435,0,3375610,2598934
296,87th/Cottage Grove,2016,1422675,625000,1892612,625000,5268222,4021609
297,87th/Cottage Grove,2017,1553795,0,1892677,625000,7160899,5575404
298,87th/Cottage Grove,2018,1892689,0,1892221,625000,9053120,7468093
299,87th/Cottage Grove,2019,1918182,750000,0,1375000,9053120,9386275
300,87th/Cottage Grove,2020,2419192,0,0,1375000,9053120,11805467
301,87th/Cottage Grove,2021,2654367,0,0,1375000,9053120,14459834
302,87th/Cottage Grove,2022,1960805,0,0,1375000,9053120,16420639
303,95th/Stony Island,2014,971633,0,0,0,0,971633
304,95th & Western,2014,570670,0,0,0,0,570670
305,95th & Western,2015,694200,0,0,0,0,1264870
306,95th & Western,2016,862540,0,1700000,0,1700000,2127410
307,95th & Western,2017,732372,0,1000000,0,2700000,2859782
308,95th & Western,2018,1221138,0,1000000,0,3700000,4080920
309,95th & Western,2019,1177368,1200000,0,1200000,3700000,5258288
310,95th & Western,2020,1528560,0,0,1200000,3700000,6786848
311,95th & Western,2021,1805730,0,0,1200000,3700000,8592578
312,95th & Western,2022,1521994,0,0,1200000,3700000,10114572
313,Addison North,2014,1250442,0,0,0,0,1250442
314,Addison North,2015,1359154,0,0,0,0,2609596
315,Addison North,2016,1890776,0,0,0,0,4500372
316,Addison South,2014,1813584,0,0,0,0,1813584
317,Addison South,2015,1859664,0,0,0,0,3673248
318,Addison South,2016,3403878,0,0,0,0,7077126
319,Addison South,2017,3578315,0,350000,0,350000,10655441
320,Addison South,2018,4441304,0,0,0,350000,15096745
321,Addison South,2019,5307287,0,176000,0,526000,20404032
322,Addison South,2020,5859382,0,0,0,526000,26263414
323,Addison South,2021,6692920,0,0,0,526000,32956334
324,Addison South,2022,7945626,0,0,0,526000,40901960
325,Archer Courts,2014,309505,0,0,0,0,309505
326,Archer Courts,2015,377249,0,0,0,0,686754
327,Archer Courts,2016,413060,0,0,0,0,1099814
328,Archer Courts,2017,408240,0,0,0,0,1508054
329,Archer Courts,2018,497213,0,0,0,0,2005267
330,Archer Courts,2019,416550,0,0,0,0,2421817
331,Archer Courts,2020,432004,0,0,0,0,2853821
332,Archer Courts,2021,492798,0,0,0,0,3346619
333,Archer Courts,2022,481795,0,0,0,0,3828414
334,Archer/Central,2014,385659,0,0,0,0,385659
335,Archer/Central,2015,370348,0,0,0,0,756007
336,Archer/Central,2016,197511,0,0,0,0,953518
337,Archer/Central,2017,228823,0,0,0,0,1182341
338,Archer/Central,2018,518610,0,0,0,0,1700951
339,Archer/Central,2019,505122,0,0,0,0,2206073
340,Archer/Central,2020,723223,0,0,0,0,2929296
341,Archer/Central,2021,700160,0,0,0,0,3629456
342,Archer/Central,2022,732634,0,0,0,0,4362090
343,Archer/Western,2015,-16546,0,0,0,0,-16546
344,Archer/Western,2016,12747,0,0,0,0,-3799
345,Archer/Western,2017,20544,0,0,0,0,16745
346,Archer/Western,2018,28921,0,0,0,0,45666
347,Archer/Western,2019,1009673,1400000,0,1400000,0,1055339
348,Archer/Western,2020,1129353,800000,0,2200000,0,2184692
349,Archer/Western,2021,1639714,5770000,0,7970000,0,3824406
350,Archer/Western,2022,3028774,0,0,7970000,0,6853180
351,ArcherWestern,2014,-6736,0,0,0,0,-6736
352,Armitage/Pulaski,2014,3515,0,0,0,0,3515
353,Armitage/Pulaski,2015,-6964,0,0,0,0,-3449
354,Armitage/Pulaski,2016,50999,0,0,0,0,47550
355,Armitage/Pulaski,2017,126230,0,0,0,0,173780
356,Armitage/Pulaski,2018,204325,0,0,0,0,378105
357,Armitage/Pulaski,2019,131153,0,0,0,0,509258
358,Armitage/Pulaski,2020,201353,0,0,0,0,710611
359,Armitage/Pulaski,2021,198411,0,0,0,0,909022
360,Armitage/Pulaski,2022,297949,0,0,0,0,1206971
361,Austin Commercial,2014,503688,0,0,0,0,503688
362,Austin Commercial,2015,544718,0,0,0,0,1048406
363,Austin Commercial,2016,664662,235000,0,235000,0,1713068
364,Austin Commercial,2017,701734,0,0,235000,0,2414802
365,Austin Commercial,2018,1093192,0,0,235000,0,3507994
366,Austin Commercial,2019,1242783,0,0,235000,0,4750777
367,Austin Commercial,2020,1342679,0,0,235000,0,6093456
368,Austin Commercial,2021,1549122,3000000,0,3235000,0,7642578
369,Avalon Park/South Shore,2014,346779,0,529562,0,529562,346779
370,Avalon Park/South Shore,2015,227181,0,529330,0,1058892,573960
371,Avalon Park/South Shore,2016,233872,0,0,0,1058892,807832
372,Avalon Park/South Shore,2017,330173,0,0,0,1058892,1138005
373,Avalon Park/South Shore,2018,498862,0,0,0,1058892,1636867
374,Avalon Park/South Shore,2019,500936,0,0,0,1058892,2137803
375,Avalon Park/South Shore,2020,600214,0,0,0,1058892,2738017
376,Avalon Park/South Shore,2021,690603,0,0,0,1058892,3428620
377,Avalon Park/South Shore,2022,819737,0,0,0,1058892,4248357
378,Avondale,2014,-3442,0,0,0,0,-3442
379,Avondale,2015,-8491,0,0,0,0,-11933
380,Avondale,2016,4669,0,0,0,0,-7264
381,Avondale,2017,1491,1900000,0,1900000,0,-5773
382,Avondale,2018,66858,0,0,1900000,0,61085
383,Avondale,2019,177403,0,0,1900000,0,238488
384,Avondale,2020,197020,0,0,1900000,0,435508
385,Avondale,2021,205181,0,0,1900000,0,640689
386,Avondale,2022,365423,0,0,1900000,0,1006112
387,Belmont/Central,2014,2094902,0,2049049,0,2049049,2094902
388,Belmont/Central,2015,2104462,0,2049696,0,4098745,4199364
389,Belmont/Central,2016,2490225,0,2262961,0,6361706,6689589
390,Belmont/Central,2017,2450221,938,1972045,938,8333751,9139810
391,Belmont/Central,2018,6597854,0,1972047,938,10305798,15737664
392,Belmont/Central,2019,4803812,0,0,938,10305798,20541476
393,Belmont/Central,2020,5606327,0,0,938,10305798,26147803
394,Belmont/Central,2021,5750797,0,0,938,10305798,31898600
395,Belmont/Central,2022,5837971,0,0,938,10305798,37736571
396,Belmont/Cicero,2014,886616,0,0,0,0,886616
397,Belmont/Cicero,2015,779672,0,0,0,0,1666288
398,Belmont/Cicero,2016,831578,0,0,0,0,2497866
399,Belmont/Cicero,2017,913679,0,0,0,0,3411545
400,Belmont/Cicero,2018,1388444,0,0,0,0,4799989
401,Belmont/Cicero,2019,1302774,0,0,0,0,6102763
402,Belmont/Cicero,2020,1463926,0,0,0,0,7566689
403,Belmont/Cicero,2021,1341708,0,0,0,0,8908397
404,Belmont/Cicero,2022,1467931,0,0,0,0,10376328
405,Bronzeville,2014,3125574,0,2500000,0,2500000,3125574
406,Bronzeville,2015,2814891,0,1000000,0,3500000,5940465
407,Bronzeville,2016,3716425,0,0,0,3500000,9656890
408,Bronzeville,2017,3095966,2500000,0,2500000,3500000,12752856
409,Bronzeville,2018,4326561,400000,0,2900000,3500000,17079417
410,Bronzeville,2019,4822973,1400000,0,4300000,3500000,21902390
411,Bronzeville,2020,5553632,3600000,0,7900000,3500000,27456022
412,Bronzeville,2021,6126309,0,0,7900000,3500000,33582331
413,Bronzeville,2022,6718217,0,0,7900000,3500000,40300548
414,Bryn Mawr/Broadway,2014,1632850,0,500000,0,500000,1632850
415,Bryn Mawr/Broadway,2015,1713335,0,0,0,500000,3346185
416,Bryn Mawr/Broadway,2016,1906066,0,0,0,500000,5252251
417,Bryn Mawr/Broadway,2017,2104233,0,0,0,500000,7356484
418,Bryn Mawr/Broadway,2018,2361236,0,0,0,500000,9717720
419,Bryn Mawr/Broadway,2019,2660846,0,0,0,500000,12378566
420,Bryn Mawr/Broadway,2020,2857000,25592920,0,25592920,500000,15235566
421,Bryn Mawr/Broadway,2021,3413223,15289335,0,40882255,500000,18648789
422,Bryn Mawr/Broadway,2022,3046471,11260198,0,52142453,500000,21695260
423,Calumet River,2014,0,0,0,0,0,0
424,Calumet River,2015,0,0,0,0,0,0
425,Calumet River,2016,0,0,0,0,0,0
426,Calumet/Cermak,2014,8978246,28000000,3000000,28000000,3000000,8978246
427,Calumet/Cermak,2015,8878935,0,0,28000000,3000000,17857181
428,Calumet/Cermak,2016,16734552,0,0,28000000,3000000,34591733
429,Calumet/Cermak,2017,6493485,0,0,28000000,3000000,41085218
430,Calumet/Cermak,2018,12820529,0,0,28000000,3000000,53905747
431,Canal/Congress,2014,19594590,0,0,0,0,19594590
432,Canal/Congress,2015,23073689,0,0,0,0,42668279
433,Canal/Congress,2016,25715500,0,0,0,0,68383779
434,Canal/Congress,2017,28783334,0,0,0,0,97167113
435,Canal/Congress,2018,35344020,7300000,41000000,7300000,41000000,132511133
436,Canal/Congress,2019,25098028,2575200,10000000,9875200,51000000,157609161
437,Canal/Congress,2020,40184303,0,0,9875200,51000000,197793464
438,Canal/Congress,2021,45858015,0,0,9875200,51000000,243651479
439,Canal/Congress,2022,43097168,0,0,9875200,51000000,286748647
440,Central West,2015,14218506,0,0,0,0,29010920
441,Central West,2016,20258781,0,0,0,0,49269701
442,Central West,2017,21193430,0,0,0,0,70463131
443,Central West,2018,23591439,0,0,0,0,94054570
444,Central West,2019,27721675,0,0,0,0,121776245
445,Central West,2020,32258151,0,0,0,0,154034396
446,Central West,2021,34225840,0,0,0,0,188260236
447,Central West,2022,34832190,0,0,0,0,223092426
448,Central West,2014,14792414,0,0,0,0,14792414
449,Chicago Lakeside Development - Phase 1,2014,0,0,0,0,0,0
450,Chicago Lakeside Development - Phase 1,2015,0,0,0,0,0,0
451,Chicago Lakeside Development - Phase 1,2016,0,0,0,0,0,0
452,Chicago Lakeside Development - Phase 1,2017,0,0,0,0,0,0
453,Chicago/Central Park,2014,4559975,7072541,0,7072541,0,4559975
454,Chicago/Central Park,2015,4601066,7641244,0,14713785,0,9161041
455,Chicago/Central Park,2016,5563243,9690189,0,24403974,0,14724284
456,Chicago/Central Park,2017,5640775,7531473,0,31935447,0,20365059
457,Chicago/Central Park,2018,7013275,18026466,0,49961913,0,27378334
458,Chicago/Central Park,2019,5287839,0,0,49961913,0,32666173
459,Chicago/Central Park,2020,5942113,10660335,0,60622248,0,38608286
460,Chicago/Central Park,2021,6863575,5036857,0,65659105,0,45471861
461,Chicago/Central Park,2022,9280149,1024092,0,66683197,0,54752010
462,Chicago/Kingsbury,2014,19170514,0,0,0,0,19170514
463,Chicago/Kingsbury,2015,23490058,0,0,0,0,42660572
464,Chicago/Kingsbury,2016,24813487,0,0,0,0,67474059
465,Chicago/Kingsbury,2017,21896129,0,0,0,0,89370188
466,Chicago/Kingsbury,2018,34034914,0,0,0,0,123405102
467,Chicago/Kingsbury,2019,25682510,0,0,0,0,149087612
468,Chicago/Kingsbury,2020,34026128,0,0,0,0,183113740
469,Chicago/Kingsbury,2021,37902378,0,0,0,0,221016118
470,Chicago/Kingsbury,2022,34119533,0,0,0,0,255135651
471,Cicero/Archer,2014,500927,0,0,0,0,500927
472,Cicero/Archer,2015,584443,0,0,0,0,1085370
473,Cicero/Archer,2016,602973,0,0,0,0,1688343
474,Cicero/Archer,2017,580960,0,0,0,0,2269303
475,Cicero/Archer,2018,827681,0,0,0,0,3096984
476,Cicero/Archer,2019,782627,0,0,0,0,3879611
477,Cicero/Archer,2020,866552,0,0,0,0,4746163
478,Cicero/Archer,2021,912715,0,0,0,0,5658878
479,Cicero/Archer,2022,898860,0,0,0,0,6557738
480,Cicero/Stevenson,2022,0,6600000,0,0,0,0
481,Clark/Montrose,2014,2050933,0,0,0,0,2050933
482,Clark/Montrose,2015,2468562,0,0,0,0,4519495
483,Clark/Montrose,2016,2966892,0,0,0,0,7486387
484,Clark/Montrose,2017,3247710,0,0,0,0,10734097
485,Clark/Montrose,2018,4006047,0,0,0,0,14740144
486,Clark/Montrose,2019,3947648,0,0,0,0,18687792
487,Clark/Montrose,2020,4174953,0,0,0,0,22862745
488,Clark/Montrose,2021,5100137,0,0,0,0,27962882
489,Clark/Montrose,2022,4620687,0,0,0,0,32583569
490,Clark/Ridge,2014,1721631,0,0,0,0,1721631
491,Clark/Ridge,2015,1620205,0,0,0,0,3341836
492,Clark/Ridge,2016,2001880,0,0,0,0,5343716
493,Clark/Ridge,2017,1913019,0,0,0,0,7256735
494,Clark/Ridge,2018,2719709,0,1400000,0,1400000,9976444
495,Clark/Ridge,2019,2510132,3000000,0,3000000,1400000,12486576
496,Clark/Ridge,2020,3094191,0,0,3000000,1400000,15580767
497,Clark/Ridge,2021,3842896,0,0,3000000,1400000,19423663
498,Clark/Ridge,2022,3735635,0,0,3000000,1400000,23159298
499,Commercial Avenue,2014,694657,0,0,0,0,694657
500,Commercial Avenue,2015,888478,0,0,0,0,1583135
501,Commercial Avenue,2016,846981,0,1750000,0,1750000,2430116
502,Commercial Avenue,2017,984274,0,0,0,1750000,3414390
503,Commercial Avenue,2018,1448315,0,0,0,1750000,4862705
504,Commercial Avenue,2019,1381973,0,0,0,1750000,6244678
505,Commercial Avenue,2020,1514333,0,0,0,1750000,7759011
506,Commercial Avenue,2021,2154787,0,0,0,1750000,9913798
507,Commercial Avenue,2022,1394532,0,0,0,1750000,11308330
508,Cortland and Chicago River,2019,0,0,0,0,0,0
509,Cortland and Chicago River,2020,3639892,100000,0,100000,0,3639892
510,Cortland and Chicago River,2021,4124939,61312074,0,61412074,0,7764831
511,Cortland and Chicago River,2022,4629188,25000000,0,86412074,0,12394019
512,Devon/Sheridan,2014,153674,0,0,0,0,153674
513,Devon/Sheridan,2015,144408,0,0,0,0,298082
514,Devon/Sheridan,2016,80180,0,0,0,0,378262
515,Devon/Sheridan,2017,119196,0,0,0,0,497458
516,Devon/Sheridan,2018,1818149,0,0,0,0,2315607
517,Devon/Sheridan,2019,1459500,0,3000000,0,3000000,3775107
518,Devon/Sheridan,2020,2114889,2870497,0,2870497,3000000,5889996
519,Devon/Sheridan,2021,1848000,1979212,0,4849709,3000000,7737996
520,Devon/Sheridan,2022,2354354,1190012,0,6039721,3000000,10092350
521,Devon/Western,2014,1799709,700000,1699498,700000,1699498,1799709
522,Devon/Western,2015,1648983,0,1724652,700000,3424150,3448692
523,Devon/Western,2016,1792232,0,1907049,700000,5331199,5240924
524,Devon/Western,2017,2108900,2090000,1940921,2790000,7272120,7349824
525,Devon/Western,2018,3182846,0,1968193,2790000,9240313,10532670
526,Devon/Western,2019,3139784,0,2106384,2790000,11346697,13672454
527,Devon/Western,2020,3514693,1800000,3713311,4590000,15060008,17187147
528,Devon/Western,2021,4271548,0,3076677,4590000,18136685,21458695
529,Devon/Western,2022,4558247,0,376636,4590000,18513321,26016942
530,Diversey/Chicago River,2016,0,0,0,0,0,0
531,Diversey/Chicago River,2017,0,350000,0,0,0,0
532,Diversey/Chicago River,2018,0,0,0,0,0,0
533,Diversey/Chicago River,2019,99167,176000,0,176000,0,99167
534,Diversey/Chicago River,2020,348871,0,0,176000,0,448038
535,Diversey/Chicago River,2021,734754,0,0,176000,0,1182792
536,Diversey/Chicago River,2022,44312,0,0,176000,0,1227104
537,Diversey/Narragansett,2014,1858872,0,0,0,0,1858872
538,Diversey/Narragansett,2015,1913763,0,0,0,0,3772635
539,Diversey/Narragansett,2016,1959922,0,0,0,0,5732557
540,Diversey/Narragansett,2017,1406381,0,0,0,0,7138938
541,Diversey/Narragansett,2018,3061965,0,0,0,0,10200903
542,Diversey/Narragansett,2019,2004065,0,0,0,0,12204968
543,Diversey/Narragansett,2020,2890197,0,0,0,0,15095165
544,Diversey/Narragansett,2021,3066237,0,0,0,0,18161402
545,Diversey/Narragansett,2022,2858052,0,0,0,0,21019454
546,Division/Homan,2014,958573,0,0,0,0,958573
547,Division/Homan,2015,904706,0,0,0,0,1863279
548,Division/Homan,2016,1040259,0,2500000,0,2500000,2903538
549,Division/Homan,2017,1186368,0,0,0,2500000,4089906
550,Division/Homan,2018,1417901,0,0,0,2500000,5507807
551,Division/Homan,2019,1792591,0,0,0,2500000,7300398
552,Division/Homan,2020,2057966,0,0,0,2500000,9358364
553,Division/Homan,2021,2155873,0,0,0,2500000,11514237
554,Division/Homan,2022,3092471,0,0,0,2500000,14606708
555,Drexel Boulevard,2014,343140,0,0,0,0,343140
556,Drexel Boulevard,2015,250103,0,0,0,0,593243
557,Drexel Boulevard,2016,365092,0,0,0,0,958335
558,Drexel Boulevard,2017,358214,0,0,0,0,1316549
559,Drexel Boulevard,2018,307955,0,0,0,0,1624504
560,Edgewater/Ashland,2014,256220,0,0,0,0,256220
561,Edgewater/Ashland,2015,223598,0,0,0,0,479818
562,Edgewater/Ashland,2016,501599,0,0,0,0,981417
563,Edgewater/Ashland,2017,1151739,0,0,0,0,2133156
564,Edgewater/Ashland,2018,524766,1400000,0,1400000,0,2657922
565,Edgewater/Ashland,2019,803117,0,0,1400000,0,3461039
566,Edgewater/Ashland,2020,720752,0,0,1400000,0,4181791
567,Edgewater/Ashland,2021,459809,0,0,1400000,0,4641600
568,Edgewater/Ashland,2022,657189,0,0,1400000,0,5298789
569,Elston/Armstrong Industrial Corridor,2014,137876,0,0,0,0,137876
570,Elston/Armstrong Industrial Corridor,2015,225414,0,0,0,0,363290
571,Elston/Armstrong Industrial Corridor,2016,283371,0,0,0,0,646661
572,Elston/Armstrong Industrial Corridor,2017,387616,0,0,0,0,1034277
573,Elston/Armstrong Industrial Corridor,2018,596074,0,0,0,0,1630351
574,Elston/Armstrong Industrial Corridor,2019,729184,0,0,0,0,2359535
575,Elston/Armstrong Industrial Corridor,2020,823733,0,0,0,0,3183268
576,Elston/Armstrong Industrial Corridor,2021,1189955,0,0,0,0,4373223
577,Elston/Armstrong Industrial Corridor,2022,1423094,0,0,0,0,5796317
578,Englewood Mall Area,2014,259170,7500000,0,7500000,0,259170
579,Englewood Mall Area,2015,300578,0,0,7500000,0,559748
580,Englewood Mall Area,2016,614052,0,0,7500000,0,1173800
581,Englewood Mall Area,2017,339504,45883,0,7545883,0,1513304
582,Englewood Mall Area,2018,1060813,0,0,7545883,0,2574117
583,Englewood Mall Area,2019,558512,0,0,7545883,0,3132629
584,Englewood Mall Area,2020,844757,0,0,7545883,0,3977386
585,Englewood Mall Area,2021,547652,0,0,7545883,0,4525038
586,Englewood Mall Area,2022,626800,0,0,7545883,0,5151838
587,Englewood Neighborhood,2014,3817324,0,7500000,0,7500000,3817324
588,Englewood Neighborhood,2015,3751638,0,0,0,7500000,7568962
589,Englewood Neighborhood,2016,4604321,0,0,0,7500000,12173283
590,Englewood Neighborhood,2017,3916434,0,45883,0,7545883,16089717
591,Englewood Neighborhood,2018,4499023,0,0,0,7545883,20588740
592,Englewood Neighborhood,2019,2524668,0,3175000,0,10720883,23113408
593,Englewood Neighborhood,2020,2487695,0,0,0,10720883,25601103
594,Englewood Neighborhood,2021,3096110,0,0,0,10720883,28697213
595,Englewood Neighborhood,2022,3056413,0,0,0,10720883,31753626
596,Ewing Avenue,2014,200973,0,0,0,0,200973
597,Ewing Avenue,2015,198510,0,0,0,0,399483
598,Ewing Avenue,2016,303122,1700000,0,1700000,0,702605
599,Ewing Avenue,2017,211794,0,0,1700000,0,914399
600,Ewing Avenue,2018,275802,0,0,1700000,0,1190201
601,Ewing Avenue,2019,98268,0,0,1700000,0,1288469
602,Ewing Avenue,2020,271437,0,0,1700000,0,1559906
603,Ewing Avenue,2021,330890,0,0,1700000,0,1890796
604,Ewing Avenue,2022,233558,0,0,1700000,0,2124354
605,Foster and California,2014,0,0,0,0,0,0
606,Foster and California,2015,0,920000,0,0,0,0
607,Foster and California,2016,0,3064830,0,0,0,0
608,Foster and California,2017,24229,926666,0,926666,0,24229
609,Foster and California,2018,335096,366666,0,1293332,0,359325
610,Foster and California,2019,348022,366668,0,1660000,0,707347
611,Foster and California,2020,-12947,1100000,0,2760000,0,694400
612,Foster and California,2021,-139773,0,0,2760000,0,554627
613,Foster and California,2022,-12639,0,0,2760000,0,541988
614,Foster/Edens,2018,0,0,0,0,0,0
615,Foster/Edens,2019,477834,0,0,0,0,477834
616,Foster/Edens,2020,512657,0,0,0,0,990491
617,Foster/Edens,2021,1770206,0,0,0,0,2760697
618,Foster/Edens,2022,1708249,0,0,0,0,4468946
619,Fullerton/Milwaukee,2014,5805207,0,0,0,0,5805207
620,Fullerton/Milwaukee,2015,5657422,0,0,0,0,11462629
621,Fullerton/Milwaukee,2016,7414569,0,0,0,0,18877198
622,Fullerton/Milwaukee,2017,7060952,0,0,0,0,25938150
623,Fullerton/Milwaukee,2018,9685642,0,0,0,0,35623792
624,Fullerton/Milwaukee,2019,10243520,0,0,0,0,45867312
625,Fullerton/Milwaukee,2020,12869784,0,0,0,0,58737096
626,Fullerton/Milwaukee,2021,15542246,0,0,0,0,74279342
627,Fullerton/Milwaukee,2022,17095646,0,0,0,0,91374988
628,Galewood/Armitage Industrial,2014,3040190,2304932,0,2304932,0,3040190
629,Galewood/Armitage Industrial,2015,2612361,2300381,0,4605313,0,5652551
630,Galewood/Armitage Industrial,2016,2508206,2631737,0,7237050,0,8160757
631,Galewood/Armitage Industrial,2017,2966684,2059692,1731,9296742,1731,11127441
632,Galewood/Armitage Industrial,2018,4268101,2059694,0,11356436,1731,15395542
633,Galewood/Armitage Industrial,2019,4009983,0,0,11356436,1731,19405525
634,Galewood/Armitage Industrial,2020,5011961,6000000,0,17356436,1731,24417486
635,Galewood/Armitage Industrial,2021,5567408,0,0,17356436,1731,29984894
636,Galewood/Armitage Industrial,2022,5087741,0,0,17356436,1731,35072635
637,Goose Island,2014,4009433,10000000,0,10000000,0,4009433
638,Goose Island,2015,3652209,0,0,10000000,0,7661642
639,Goose Island,2016,5605699,0,0,10000000,0,13267341
640,Goose Island,2017,4277221,0,0,10000000,0,17544562
641,Goose Island,2018,6556364,0,0,10000000,0,24100926
642,Goose Island,2019,5839784,0,0,10000000,0,29940710
643,Goose Island,2020,7706793,0,100000,10000000,100000,37647503
644,Goose Island,2021,8250743,21000000,0,31000000,100000,45898246
645,Goose Island,2022,8190413,0,0,31000000,100000,54088659
646,Greater Southwest Industrial (East),2014,534928,0,0,0,0,534928
647,Greater Southwest Industrial (East),2015,579191,0,0,0,0,1114119
648,Greater Southwest Industrial (East),2016,951543,0,0,0,0,2065662
649,Greater Southwest Industrial (East),2017,724311,0,0,0,0,2789973
650,Greater Southwest Industrial (East),2018,1230366,0,0,0,0,4020339
651,Greater Southwest Industrial (East),2019,1200143,0,0,0,0,5220482
652,Greater Southwest Industrial (East),2020,1196369,0,0,0,0,6416851
653,Greater Southwest Industrial (East),2021,1435461,0,0,0,0,7852312
654,Greater Southwest Industrial (East),2022,1490117,0,0,0,0,9342429
655,Greater Southwest Industrial (West),2014,91877,0,2934023,0,2934023,91877
656,Greater Southwest Industrial (West),2015,107165,0,0,0,2934023,199042
657,Greater Southwest Industrial (West),2016,142318,0,0,0,2934023,341360
658,Greater Southwest Industrial (West),2017,152691,0,0,0,2934023,494051
659,Greater Southwest Industrial (West),2018,354022,976540,0,976540,2934023,848073
660,Greater Southwest Industrial (West),2019,858114,0,0,976540,2934023,1706187
661,Greater Southwest Industrial (West),2020,647435,0,0,976540,2934023,2353622
662,Greater Southwest Industrial (West),2021,230769,0,0,976540,2934023,2584391
663,Greater Southwest Industrial (West),2022,172335,0,0,976540,2934023,2756726
664,Harlem industrial Park Conservation Area,2014,-2085,0,0,0,0,-2085
665,Harlem industrial Park Conservation Area,2015,-1120,0,0,0,0,-3205
666,Harlem Industrial Park Conservation Area,2016,-3086,0,0,0,0,-3086
667,Harlem Industrial Park Conservation Area,2017,-706,0,0,0,0,-3792
668,Harlem Industrial Park Conservation Area,2018,0,0,0,0,0,-3792
669,Harlem Industrial Park Conservation Area,2019,0,0,0,0,0,-3792
670,Harrison/Central,2014,-16428,1819760,0,1819760,0,-16428
671,Harrison/Central,2015,-6953,1280000,0,3099760,0,-23381
672,Harrison/Central,2016,137976,1991523,0,5091283,0,114595
673,Harrison/Central,2017,319077,576000,0,5667283,0,433672
674,Harrison/Central,2018,254477,0,0,5667283,0,688149
675,Harrison/Central,2019,99349,288000,0,5955283,0,787498
676,Harrison/Central,2020,179244,288609,0,6243892,0,966742
677,Harrison/Central,2021,266833,0,0,6243892,0,1233575
678,Harrison/Central,2022,1538873,0,0,6243892,0,2772448
679,Hollywood/Sheridan,2014,4260,500000,0,500000,0,4260
680,Hollywood/Sheridan,2015,-11601,575824,0,1075824,0,-7341
681,Hollywood/Sheridan,2016,11068,575824,0,1651648,0,3727
682,Hollywood/Sheridan,2017,11590,575800,0,2227448,0,15317
683,Hollywood/Sheridan,2018,64919,575824,0,2803272,0,80236
684,Hollywood/Sheridan,2019,785220,575824,0,3379096,0,865456
685,Hollywood/Sheridan,2020,689437,28011956,0,31391052,0,1554893
686,Hollywood/Sheridan,2021,1554879,13368424,0,44759476,0,3109772
687,Hollywood/Sheridan,2022,3624896,7857455,0,52616931,0,6734668
688,Homan-Arthington,2014,473091,1062798,0,1062798,0,473091
689,Homan-Arthington,2015,517159,0,0,1062798,0,990250
690,Homan-Arthington,2016,500118,0,0,1062798,0,1490368
691,Homan-Arthington,2017,599352,0,0,1062798,0,2089720
692,Homan-Arthington,2018,775390,0,0,1062798,0,2865110
693,Homan-Arthington,2019,597689,0,0,1062798,0,3462799
694,Homan-Arthington,2020,595706,0,0,1062798,0,4058505
695,Homan-Arthington,2021,760059,0,0,1062798,0,4818564
696,Homan-Arthington,2022,775175,0,0,1062798,0,5593739
697,Humboldt Park Commercial,2014,2314768,0,0,0,0,2314768
698,Humboldt Park Commercial,2015,2569930,0,0,0,0,4884698
699,Humboldt Park Commercial,2016,3194289,0,500000,0,500000,8078987
700,Humboldt Park Commercial,2017,3416063,0,0,0,500000,11495050
701,Humboldt Park Commercial,2018,4206656,0,0,0,500000,15701706
702,Humboldt Park Commercial,2019,4021169,0,0,0,500000,19722875
703,Humboldt Park Commercial,2020,4844254,0,0,0,500000,24567129
704,Humboldt Park Commercial,2021,5775568,0,0,0,500000,30342697
705,Humboldt Park Commercial,2022,5778998,0,0,0,500000,36121695
706,Irving Park/Elston,2014,-3566,0,0,0,0,-3566
707,Irving Park/Elston,2015,-11923,0,0,0,0,-15489
708,Irving Park/Elston,2016,-496,0,0,0,0,-15985
709,Irving Park/Elston,2017,-1864,0,0,0,0,-17849
710,Irving Park/Elston,2018,-1287,0,0,0,0,-19136
711,Irving Park/Elston,2019,-250,200000,0,200000,0,-19386
712,Irving/Cicero,2014,699525,0,0,0,0,699525
713,Irving/Cicero,2015,607453,0,0,0,0,1306978
714,Irving/Cicero,2016,941167,0,0,0,0,2248145
715,Irving/Cicero,2017,593419,0,0,0,0,2841564
716,Irving/Cicero,2018,873011,0,0,0,0,3714575
717,Irving/Cicero,2019,873540,0,0,0,0,4588115
718,Irving/Cicero,2020,955213,0,1000000,0,1000000,5543328
719,Jefferson Park,2014,570876,0,0,0,0,570876
720,Jefferson Park,2015,552010,0,0,0,0,1122886
721,Jefferson Park,2016,747548,0,0,0,0,1870434
722,Jefferson Park,2017,946829,0,0,0,0,2817263
723,Jefferson Park,2018,1273810,0,0,0,0,4091073
724,Jefferson Park,2019,1143305,0,0,0,0,5234378
725,Jefferson Park,2020,1423473,2500000,0,2500000,0,6657851
726,Jefferson Park,2021,1978856,0,0,2500000,0,8636707
727,Jefferson Park,2022,1661016,0,0,2500000,0,10297723
728,Jefferson/Roosevelt,2014,4609865,0,0,0,0,4609865
729,Jefferson/Roosevelt,2015,5903945,0,0,0,0,10513810
730,Jefferson/Roosevelt,2016,8239523,0,0,0,0,18753333
731,Jefferson/Roosevelt,2017,5904320,0,0,0,0,24657653
732,Jefferson/Roosevelt,2018,7908634,0,0,0,0,32566287
733,Jefferson/Roosevelt,2019,9213721,0,0,0,0,41780008
734,Jefferson/Roosevelt,2020,8885157,0,0,0,0,50665165
735,Jefferson/Roosevelt,2021,12452939,0,0,0,0,63118104
736,Jefferson/Roosevelt,2022,14162098,0,0,0,0,77280202
737,Kennedy/Kimball,2015,2435,0,0,0,0,-1948
738,Kennedy/Kimball,2016,-861,0,0,0,0,-2809
739,Kennedy/Kimball,2017,7671,0,0,0,0,4862
740,Kennedy/Kimball,2018,353494,0,0,0,0,358356
741,Kennedy/Kimball,2019,818297,0,0,0,0,1176653
742,Kennedy/Kimball,2020,1012499,0,0,0,0,2189152
743,Kennedy/Kimball,2021,1379144,0,0,0,0,3568296
744,Kennedy/Kimball,2022,1784226,0,0,0,0,5352522
745,Kennedy/Kimball,2014,-4383,0,0,0,0,-4383
746,Kinzie Industrial Conservation Area,2014,18379029,0,3690643,0,3690643,18379029
747,Kinzie Industrial Conservation Area,2015,19207188,0,4038819,0,7729462,37586217
748,Kinzie Industrial Conservation Area,2016,28278344,0,5847930,0,13577392,65864561
749,Kinzie Industrial Conservation Area,2017,30108683,0,3910826,0,17488218,95973244
750,Kinzie Industrial Conservation Area,2018,44057698,0,18730088,0,36218306,140030942
751,Kinzie Industrial Conservation Area,2019,41093833,0,0,0,36218306,181124775
752,Kinzie Industrial Conservation Area,2020,62715635,0,10660335,0,46878641,243840410
753,Kinzie Industrial Conservation Area,2021,73894401,0,10136857,0,57015498,317734811
754,Kinzie Industrial Conservation Area,2022,86697996,0,1024092,0,58039590,404432807
755,Kostner Avenue,2014,0,0,0,0,0,0
756,Lake Calumet Area Industrial,2014,2185703,0,4200000,0,4200000,2185703
757,Lake Calumet Area Industrial,2015,1719704,0,250000,0,4450000,3905407
758,Lake Calumet Area Industrial,2016,2731279,4250000,2250000,4250000,6700000,6636686
759,Lake Calumet Area Industrial,2017,2309151,34000,400000,4284000,7100000,8945837
760,Lake Calumet Area Industrial,2018,4155705,0,0,4284000,7100000,13101542
761,Lake Calumet Area Industrial,2019,3986728,0,0,4284000,7100000,17088270
762,Lake Calumet Area Industrial,2020,4955653,0,0,4284000,7100000,22043923
763,Lake Calumet Area Industrial,2021,5887437,0,4512000,4284000,11612000,27931360
764,Lake Calumet Area Industrial,2022,4843850,0,0,4284000,11612000,32775210
765,Lakefront,2014,276583,0,0,0,0,276583
766,Lakefront,2015,375615,0,0,0,0,652198
767,Lakefront,2016,385964,0,0,0,0,1038162
768,Lakefront,2017,390025,0,0,0,0,1428187
769,Lakefront,2018,413483,0,0,0,0,1841670
770,Lakefront,2019,467399,0,0,0,0,2309069
771,Lakefront,2020,494093,0,0,0,0,2803162
772,Lakefront,2021,444345,0,0,0,0,3247507
773,Lakefront,2022,396794,0,0,0,0,3644301
774,LaSalle Central,2015,13585366,0,0,0,0,13585366
775,LaSalle Central,2016,31744181,0,0,0,0,45329547
776,LaSalle Central,2017,35644502,0,0,0,0,80974049
777,LaSalle Central,2018,69007881,0,7300000,0,7300000,149981930
778,LaSalle Central,2019,93583599,632000,2575200,632000,9875200,243565529
779,LaSalle Central,2020,119840238,0,0,632000,9875200,363405767
780,LaSalle Central,2021,151520861,0,0,632000,9875200,514926628
781,LaSalle Central,2022,161059713,0,0,632000,9875200,675986341
782,LaSalleCentral,2014,14051697,8600000,632000,8600000,632000,14051697
783,Lawrence/Broadway,2014,2701891,0,0,0,0,2701891
784,Lawrence/Broadway,2015,2774888,0,575824,0,575824,5476779
785,Lawrence/Broadway,2016,3457485,0,575824,0,1151648,8934264
786,Lawrence/Broadway,2017,3714352,0,575800,0,1727448,12648616
787,Lawrence/Broadway,2018,4401829,0,575824,0,2303272,17050445
788,Lawrence/Broadway,2019,4663309,0,575824,0,2879096,21713754
789,Lawrence/Broadway,2020,5109549,41699685,575824,41699685,3454920,26823303
790,Lawrence/Broadway,2021,6744336,18358463,575824,60058148,4030744,33567639
791,Lawrence/Broadway,2022,6562638,9147913,575824,69206061,4606568,40130277
792,Lawrence/Kedzie,2014,5510391,0,0,0,0,5510391
793,Lawrence/Kedzie,2015,5470883,0,0,0,0,10981274
794,Lawrence/Kedzie,2016,5827348,0,0,0,0,16808622
795,Lawrence/Kedzie,2017,6490963,0,0,0,0,23299585
796,Lawrence/Kedzie,2018,7916347,0,0,0,0,31215932
797,Lawrence/Kedzie,2019,7383792,1000000,0,1000000,0,38599724
798,Lawrence/Kedzie,2020,8489465,0,0,1000000,0,47089189
799,Lawrence/Kedzie,2021,9395519,0,0,1000000,0,56484708
800,Lawrence/Kedzie,2022,10710956,0,0,1000000,0,67195664
801,Lawrence/Pulaski,2014,953322,0,0,0,0,953322
802,Lawrence/Pulaski,2015,1009551,0,0,0,0,1962873
803,Lawrence/Pulaski,2016,1325061,0,0,0,0,3287934
804,Lawrence/Pulaski,2017,1212211,0,0,0,0,4500145
805,Lawrence/Pulaski,2018,1702042,0,0,0,0,6202187
806,Lawrence/Pulaski,2019,1614355,0,1200000,0,1200000,7816542
807,Lawrence/Pulaski,2020,2047372,0,0,0,1200000,9863914
808,Lawrence/Pulaski,2021,2517725,0,0,0,1200000,12381639
809,Lawrence/Pulaski,2022,2295683,0,0,0,1200000,14677322
810,Lincoln Avenue,2014,2380002,749328,0,749328,0,2380002
811,Lincoln Avenue,2015,2628139,748129,0,1497457,0,5008141
812,Lincoln Avenue,2016,2934946,831913,0,2329370,0,7943087
813,Lincoln Avenue,2017,2500198,831349,2090000,3160719,2090000,10443285
814,Lincoln Avenue,2018,3972755,10500000,0,13660719,2090000,14416040
815,Lincoln Avenue,2019,2815399,0,0,13660719,2090000,17231439
816,Lincoln Avenue,2020,3629756,0,0,13660719,2090000,20861195
817,Lincoln Avenue,2021,4011804,0,0,13660719,2090000,24872999
818,Lincoln Avenue,2022,3609782,0,0,13660719,2090000,28482781
819,Lincoln/Belmont/Ashland,2014,1008216,0,0,0,0,1008216
820,Lincoln/Belmont/Ashland,2015,936154,0,0,0,0,1944370
821,Lincoln/Belmont/Ashland,2016,1473308,0,0,0,0,3417678
822,Lincoln/Belmont/Ashland,2017,1284164,0,0,0,0,4701842
823,Lincoln/Belmont/Ashland,2018,1140015,0,0,0,0,5841857
824,Little Village East,2014,-2272,0,0,0,0,-2272
825,Little Village East,2015,-214,0,0,0,0,-2486
826,Little Village East,2016,120,0,0,0,0,-2366
827,Little Village East,2017,-92,0,0,0,0,-2458
828,Little Village East,2018,-368,0,0,0,0,-2826
829,Little Village East,2019,0,1280000,0,0,0,-2826
830,Little Village East,2020,95841,0,0,0,0,93015
831,Little Village East,2021,216953,0,0,0,0,309968
832,Little Village East,2022,490408,0,0,0,0,800376
833,Little Village Industrial Corridor,2014,-13126,0,0,0,0,-13126
834,Little Village Industrial Corridor,2015,-5978,0,0,0,0,-19104
835,Little Village Industrial Corridor,2016,-3265,0,0,0,0,-22369
836,Little Village Industrial Corridor,2017,-395,0,0,0,0,-22764
837,Little Village Industrial Corridor,2018,99,0,0,0,0,-22665
838,Little Village Industrial Corridor,2019,0,0,0,0,0,-22665
839,Little Village Industrial Corridor,2020,132896,0,0,0,0,110231
840,Little Village Industrial Corridor,2021,1406584,0,0,0,0,1516815
841,Little Village Industrial Corridor,2022,1847800,0,0,0,0,3364615
842,Madden/Wells,2015,866888,0,0,0,0,1848050
843,Madden/Wells,2016,1249909,0,0,0,0,3097959
844,Madden/Wells,2017,1101175,0,0,0,0,4199134
845,Madden/Wells,2018,1359250,0,0,0,0,5558384
846,Madden/Wells,2019,1621133,0,0,0,0,7179517
847,Madden/Wells,2020,1597298,0,0,0,0,8776815
848,Madden/Wells,2021,1621528,0,0,0,0,10398343
849,Madden/Wells,2022,1558588,0,0,0,0,11956931
850,Madden/Wells,2014,981162,0,0,0,0,981162
851,Madison/Austin Corridor,2014,1631181,4007076,909880,4007076,909880,1631181
852,Madison/Austin Corridor,2015,1755505,3932589,640000,7939665,1549880,3386686
853,Madison/Austin Corridor,2016,1903307,4493782,2037341,12433447,3587221,5289993
854,Madison/Austin Corridor,2017,1709122,4492816,288000,16926263,3875221,6999115
855,Madison/Austin Corridor,2018,2474574,18890000,0,35816263,3875221,9473689
856,Madison/Austin Corridor,2019,2205324,180000,144000,35996263,4019221,11679013
857,Madison/Austin Corridor,2020,3033500,0,144305,35996263,4163526,14712513
858,Madison/Austin Corridor,2021,3358133,0,0,35996263,4163526,18070646
859,Madison/Austin Corridor,2022,4152237,0,0,35996263,4163526,22222883
860,Michigan/Cermak,2014,1377532,3000000,0,3000000,0,1377532
861,Michigan/Cermak,2015,-253084,0,0,3000000,0,1124448
862,Michigan/Cermak,2016,1660088,0,0,3000000,0,2784536
863,Michigan/Cermak,2017,1613595,0,0,3000000,0,4398131
864,Michigan/Cermak,2018,1871123,0,0,3000000,0,6269254
865,Michigan/Cermak,2019,2494994,0,0,3000000,0,8764248
866,Michigan/Cermak,2020,2934662,0,0,3000000,0,11698910
867,Michigan/Cermak,2021,3702629,0,0,3000000,0,15401539
868,Michigan/Cermak,2022,3747089,0,0,3000000,0,19148628
869,Midway Industrial Corridor,2014,1088059,0,1029996,0,1029996,1088059
870,Midway Industrial Corridor,2015,1127197,0,1030154,0,2060150,2215256
871,Midway Industrial Corridor,2016,4815619,0,4276201,0,6336351,7030875
872,Midway Industrial Corridor,2017,10291977,0,1156208,0,7492559,17322852
873,Midway Industrial Corridor,2018,2748443,0,11641286,0,19133845,20071295
874,Midway Industrial Corridor,2019,3371621,0,4500000,0,23633845,23442916
875,Midway Industrial Corridor,2020,2875401,0,2500000,0,26133845,26318317
876,Midway Industrial Corridor,2021,4815822,0,0,0,26133845,31134139
877,Midway Industrial Corridor,2022,3787582,0,6600000,0,32733845,34921721
878,Midwest,2014,12231406,0,3278085,0,3278085,12231406
879,Midwest,2015,12226562,0,3277918,0,6556003,24457968
880,Midwest,2016,14491670,520790,3517723,520790,10073726,38949638
881,Midwest,2017,15613854,2250000,3493570,2770790,13567296,54563492
882,Midwest,2018,18834683,8500000,14086378,11270790,27653674,73398175
883,Midwest,2019,14570282,0,0,11270790,27653674,87968457
884,Midwest,2020,15438112,0,115500,11270790,27769174,103406569
885,Midwest,2021,17680197,5100000,800000,16370790,28569174,121086766
886,Midwest,2022,18911776,0,0,16370790,28569174,139998542
887,Montclare,2014,221966,0,0,0,0,221966
888,Montclare,2015,285664,0,0,0,0,507630
889,Montclare,2016,273746,0,0,0,0,781376
890,Montclare,2017,301837,0,0,0,0,1083213
891,Montclare,2018,344426,0,0,0,0,1427639
892,Montclare,2019,333541,0,0,0,0,1761180
893,Montclare,2020,341909,0,0,0,0,2103089
894,Montclare,2021,318031,0,0,0,0,2421120
895,Montclare,2022,420819,0,0,0,0,2841939
896,Montrose/Clarendon,2014,0,0,0,0,0,0
897,Montrose/Clarendon,2015,520084,0,0,0,0,520084
898,Montrose/Clarendon,2016,121641,0,0,0,0,641725
899,Montrose/Clarendon,2017,178392,0,0,0,0,820117
900,Montrose/Clarendon,2018,266331,0,0,0,0,1086448
901,Montrose/Clarendon,2019,198248,0,0,0,0,1284696
902,Montrose/Clarendon,2020,1215515,0,0,0,0,2500211
903,Montrose/Clarendon,2021,1773409,0,0,0,0,4273620
904,Montrose/Clarendon,2022,1507497,0,0,0,0,5781117
905,Near North,2014,17924411,0,0,0,0,17924411
906,Near North,2015,19050436,0,0,0,0,36974847
907,Near North,2016,27069215,0,0,0,0,64044062
908,Near North,2017,29623909,0,0,0,0,93667971
909,Near North,2018,33785985,0,0,0,0,127453956
910,Near North,2019,32435777,0,0,0,0,159889733
911,Near North,2020,34398642,0,0,0,0,194288375
912,Near North,2021,38267614,0,0,0,0,232555989
913,Near North,2022,34550529,0,0,0,0,267106518
914,Near South,2014,56491273,0,45300000,0,45300000,56491273
915,North Branch North,2014,3982045,0,0,0,0,3982045
916,North Branch North,2015,3961822,0,0,0,0,7943867
917,North Branch North,2016,6626203,0,0,0,0,14570070
918,North Branch North,2017,4375755,0,0,0,0,18945825
919,North Branch North,2018,6536401,0,0,0,0,25482226
920,North Branch North,2019,7314874,16000000,0,16000000,0,32797100
921,North Branch North,2020,8199442,0,0,16000000,0,40996542
922,North Branch North,2021,8794749,0,52712074,16000000,52712074,49791291
923,North Branch South,2014,6146681,0,10000000,0,10000000,6146681
924,North Branch South,2015,6393193,0,0,0,10000000,12539874
925,North Branch South,2016,8787410,0,0,0,10000000,21327284
926,North Branch South,2017,7922373,0,0,0,10000000,29249657
927,North Branch South,2018,12267939,0,0,0,10000000,41517596
928,North Branch South,2019,11685500,0,16000000,0,26000000,53203096
929,North Branch South,2020,9041805,0,0,0,26000000,62244901
930,North Branch South,2021,9269915,0,29600000,0,55600000,71514816
931,North Branch South,2022,10182016,0,25000000,0,80600000,81696832
932,North Pullman,2014,444047,5600000,0,5600000,0,444047
933,North Pullman,2015,969921,750000,0,6350000,0,1413968
934,North Pullman,2016,1296036,1050000,0,7400000,0,2710004
935,North Pullman,2017,776261,233186,0,7633186,0,3486265
936,North Pullman,2018,1237566,946978,0,8580164,0,4723831
937,North Pullman,2019,1764587,0,0,8580164,0,6488418
938,North Pullman,2020,2795869,1796120,0,10376284,0,9284287
939,North Pullman,2021,3506484,0,0,10376284,0,12790771
940,North Pullman,2022,2725515,2349660,0,12725944,0,15516286
941,North/Cicero,2014,1138632,0,0,0,0,1138632
942,North/Cicero,2015,1028249,0,0,0,0,2166881
943,North/Cicero,2016,1476628,0,235000,0,235000,3643509
944,North/Cicero,2017,1432658,0,0,0,235000,5076167
945,North/Cicero,2018,2250355,0,0,0,235000,7326522
946,North/Cicero,2019,1139902,0,0,0,235000,8466424
947,North/Cicero,2020,1912890,0,0,0,235000,10379314
948,North/Cicero,2021,1961380,0,11231438,0,11466438,12340694
949,Northwest Industrial Corridor,2014,5588693,0,3696488,0,3696488,5588693
950,Northwest Industrial Corridor,2015,5882378,0,3746281,0,7442769,11471071
951,Northwest Industrial Corridor,2016,7233527,520790,4273220,520790,11715989,18704598
952,Northwest Industrial Corridor,2017,6443947,793,3979464,521583,15695453,25148545
953,Northwest Industrial Corridor,2018,9058076,0,5087647,521583,20783100,34206621
954,Northwest Industrial Corridor,2019,7967342,0,180000,521583,20963100,42173963
955,Northwest Industrial Corridor,2020,9875536,0,6000000,521583,26963100,52049499
956,Northwest Industrial Corridor,2021,11669624,0,0,521583,26963100,63719123
957,Northwest Industrial Corridor,2022,14474928,0,0,521583,26963100,78194051
958,Ogden/Pulaski,2014,-80784,0,0,0,0,-80784
959,Ogden/Pulaski,2015,-61427,0,0,0,0,-142211
960,Ogden/Pulaski,2016,-18447,0,0,0,0,-160658
961,Ogden/Pulaski,2017,-27612,1000000,0,1000000,0,-188270
962,Ogden/Pulaski,2018,19177,0,0,1000000,0,-169093
963,Ogden/Pulaski,2019,42704,2370000,0,3370000,0,-126389
964,Ogden/Pulaski,2020,58659,115500,0,3485500,0,-67730
965,Ogden/Pulaski,2021,165653,0,0,3485500,0,97923
966,Ogden/Pulaski,2022,717393,0,0,3485500,0,815316
967,Ohio/Wabash,2014,1504477,0,0,0,0,1504477
968,Ohio/Wabash,2015,1527696,0,0,0,0,3032173
969,Ohio/Wabash,2016,1677997,0,0,0,0,4710170
970,Ohio/Wabash,2017,1812871,0,0,0,0,6523041
971,Ohio/Wabash,2018,1988062,0,0,0,0,8511103
972,Ohio/Wabash,2019,1950018,0,0,0,0,10461121
973,Ohio/Wabash,2020,2047110,0,0,0,0,12508231
974,Ohio/Wabash,2021,2160475,0,0,0,0,14668706
975,Ohio/Wabash,2022,1971473,0,0,0,0,16640179
976,Pershing/King,2014,1843,0,0,0,0,1843
977,Pershing/King,2015,-98,0,0,0,0,1745
978,Pershing/King,2016,0,0,0,0,0,1745
979,Pershing/King,2017,0,0,0,0,0,1745
980,Pershing/King,2018,0,0,0,0,0,1745
981,Pershing/King,2019,106238,0,0,0,0,107983
982,Peterson/Cicero,2014,454109,0,0,0,0,454109
983,Peterson/Cicero,2015,479541,0,0,0,0,933650
984,Peterson/Cicero,2016,409172,0,0,0,0,1342822
985,Peterson/Cicero,2017,471894,0,0,0,0,1814716
986,Peterson/Cicero,2018,511465,0,0,0,0,2326181
987,Peterson/Cicero,2019,551919,0,0,0,0,2878100
988,Peterson/Cicero,2020,567817,0,0,0,0,3445917
989,Peterson/Cicero,2021,649073,0,0,0,0,4094990
990,Peterson/Cicero,2022,632273,0,0,0,0,4727263
991,Peterson/Pulaski,2014,445937,0,0,0,0,445937
992,Peterson/Pulaski,2015,417658,0,0,0,0,863595
993,Peterson/Pulaski,2016,991672,0,0,0,0,1855267
994,Peterson/Pulaski,2017,1107221,0,0,0,0,2962488
995,Peterson/Pulaski,2018,1733263,0,0,0,0,4695751
996,Peterson/Pulaski,2019,904647,0,0,0,0,5600398
997,Peterson/Pulaski,2020,933198,0,0,0,0,6533596
998,Peterson/Pulaski,2021,2093295,0,0,0,0,8626891
999,Peterson/Pulaski,2022,1714711,0,0,0,0,10341602
1000,Pilsen,2014,9309162,0,0,0,0,9309162
1001,Pilsen,2015,10513921,0,0,0,0,19823083
1002,Pilsen,2016,12597360,0,0,0,0,32420443
1003,Pilsen,2017,12643045,0,0,0,0,45063488
1004,Pilsen,2018,17666066,0,0,0,0,62729554
1005,Pilsen,2019,18085740,0,0,0,0,80815294
1006,Pilsen,2020,22470976,0,0,0,0,103286270
1007,Pilsen,2021,25623906,0,0,0,0,128910176
1008,Pilsen,2022,29119436,0,0,0,0,158029612
1009,Portage Park,2014,1630968,0,0,0,0,1630968
1010,Portage Park,2015,1924500,0,0,0,0,3555468
1011,Portage Park,2016,1847698,0,0,0,0,5403166
1012,Portage Park,2017,1934568,0,1900000,0,1900000,7337734
1013,Portage Park,2018,3072230,0,0,0,1900000,10409964
1014,Portage Park,2019,3204073,0,0,0,1900000,13614037
1015,Portage Park,2020,3492861,1000000,2500000,1000000,4400000,17106898
1016,Portage Park,2021,4181740,0,0,1000000,4400000,21288638
1017,Portage Park,2022,4265783,0,0,1000000,4400000,25554421
1018,Pratt/Ridge Industrial Park Conservation Area,2014,0,0,0,0,0,0
1019,Pratt/Ridge Industrial Park Conservation Area,2015,111612,0,0,0,0,111612
1020,Pratt/Ridge Industrial Park Conservation Area,2016,262742,0,0,0,0,374354
1021,Pratt/Ridge Industrial Park Conservation Area,2017,346404,0,0,0,0,720758
1022,Pratt/Ridge Industrial Park Conservation Area,2018,688699,0,0,0,0,1409457
1023,Pratt/Ridge Industrial Park Conservation Area,2019,442412,0,0,0,0,1851869
1024,Pratt/Ridge Industrial Park Conservation Area,2020,204824,0,0,0,0,2056693
1025,Pratt/Ridge Industrial Park Conservation Area,2021,854976,0,0,0,0,2911669
1026,Pratt/Ridge Industrial Park Conservation Area,2022,803787,0,0,0,0,3715456
1027,Pulaski Corridor,2014,1869691,0,670284,0,670284,1869691
1028,Pulaski Corridor,2015,2029110,0,761500,0,1431784,3898801
1029,Pulaski Corridor,2016,3153078,3000000,913874,3000000,2345658,7051879
1030,Pulaski Corridor,2017,3352064,0,728076,3000000,3073734,10403943
1031,Pulaski Corridor,2018,4484724,0,3100000,3000000,6173734,14888667
1032,Pulaski Corridor,2019,4296140,0,0,3000000,6173734,19184807
1033,Pulaski Corridor,2020,5755391,0,0,3000000,6173734,24940198
1034,Pulaski Corridor,2021,6972796,0,0,3000000,6173734,31912994
1035,Pulaski Corridor,2022,7862348,0,0,3000000,6173734,39775342
1036,Randolph/Wells,2014,267939,632000,0,632000,0,267939
1037,Randolph/Wells,2015,64733,0,0,632000,0,332672
1038,Randolph/Wells,2016,449577,0,0,632000,0,782249
1039,Randolph/Wells,2017,484830,0,0,632000,0,1267079
1040,Randolph/Wells,2018,394105,0,0,632000,0,1661184
1041,Randolph/Wells,2019,7074511,0,632000,632000,632000,8735695
1042,Randolph/Wells,2020,16166063,0,0,632000,632000,24901758
1043,Randolph/Wells,2021,14349414,0,0,632000,632000,39251172
1044,Randolph/Wells,2022,7970040,0,0,632000,632000,47221212
1045,Ravenswood Corridor,2014,659184,0,0,0,0,659184
1046,Ravenswood Corridor,2015,917733,0,0,0,0,1576917
1047,Ravenswood Corridor,2016,1349354,0,0,0,0,2926271
1048,Ravenswood Corridor,2017,1457769,0,0,0,0,4384040
1049,Ravenswood Corridor,2018,1815608,0,500000,0,500000,6199648
1050,Read/Dunning,2014,2573315,0,0,0,0,2573315
1051,Read/Dunning,2015,2298956,0,0,0,0,4872271
1052,Read/Dunning,2016,2903308,0,0,0,0,7775579
1053,Read/Dunning,2017,2561525,0,0,0,0,10337104
1054,Read/Dunning,2018,2486981,1700000,500000,1700000,500000,12824085
1055,Red Line Extension (RLE),2022,0,0,0,0,0,0
1056,Red and Purple Modernization Phase One Project,2016,0,0,0,0,0,0
1057,Red and Purple Modernization Phase One Project,2017,8333898,0,0,0,0,8333898
1058,Red and Purple Modernization Phase One Project,2018,16694184,0,0,0,0,25028082
1059,Red and Purple Modernization Phase One Project,2019,45522999,0,0,0,0,70551081
1060,Red and Purple Modernization Phase One Project,2020,48371096,0,110169265,0,110169265,118922177
1061,Red and Purple Modernization Phase One Project,2021,55647235,0,55000027,0,165169292,174569412
1062,Red and Purple Modernization Phase One Project,2022,64522588,0,31005606,0,196174898,239092000
1063,River South,2014,14398092,4115000,6602753,4115000,6602753,14398092
1064,River South,2015,17108874,0,16528924,4115000,23131677,31506966
1065,River South,2016,24245090,0,11310000,4115000,34441677,55752056
1066,River South,2017,25855083,0,4310000,4115000,38751677,81607139
1067,River South,2018,31707329,41000000,0,45115000,38751677,113314468
1068,River South,2019,31338696,10000000,17000000,55115000,55751677,144653164
1069,River South,2020,18407336,0,2450000,55115000,58201677,163060500
1070,River South,2021,22002244,0,51075247,55115000,109276924,185062744
1071,River West,2014,13250612,0,8600000,0,8600000,13250612
1072,River West,2015,15055272,0,0,0,8600000,28305884
1073,River West,2016,18823186,0,0,0,8600000,47129070
1074,River West,2017,16640646,0,0,0,8600000,63769716
1075,River West,2018,22699022,0,0,0,8600000,86468738
1076,River West,2019,25956969,0,0,0,8600000,112425707
1077,River West,2020,26809139,0,0,0,8600000,139234846
1078,River West,2021,28981551,0,0,0,8600000,168216397
1079,River West,2022,34835062,0,0,0,8600000,203051459
1080,Roosevelt/Canal,2014,951530,0,0,0,0,951530
1081,Roosevelt/Canal,2015,1115368,0,0,0,0,2066898
1082,Roosevelt/Cicero,2014,1939130,0,909880,0,909880,1939130
1083,Roosevelt/Cicero,2015,2415316,0,640000,0,1549880,4354446
1084,Roosevelt/Cicero,2016,2798169,0,995762,0,2545642,7152615
1085,Roosevelt/Cicero,2017,2455219,0,1288000,0,3833642,9607834
1086,Roosevelt/Cicero,2018,3575404,0,0,0,3833642,13183238
1087,Roosevelt/Cicero,2019,4110900,0,2514000,0,6347642,17294138
1088,Roosevelt/Cicero,2020,4169475,0,144304,0,6491946,21463613
1089,Roosevelt/Cicero,2021,5171116,0,0,0,6491946,26634729
1090,Roosevelt/Cicero,2022,7088505,0,0,0,6491946,33723234
1091,Roosevelt/Clark,2019,0,0,0,0,0,0
1092,Roosevelt/Clark,2020,1522041,2450000,0,2450000,0,1522041
1093,Roosevelt/Clark,2021,2257760,0,0,2450000,0,3779801
1094,Roosevelt/Clark,2022,1316528,0,0,2450000,0,5096329
1095,Roosevelt/Homan,2014,953708,0,1062798,0,1062798,953708
1096,Roosevelt/Racine,2014,1664745,0,0,0,0,1664745
1097,Roosevelt/Racine,2015,1398258,0,0,0,0,3063003
1098,Roosevelt/Racine,2016,1714988,0,0,0,0,4777991
1099,Roosevelt/Racine,2017,1704001,0,0,0,0,6481992
1100,Roosevelt/Racine,2018,2056810,1000000,0,1000000,0,8538802
1101,Roosevelt/Racine,2019,1836077,10350000,0,11350000,0,10374879
1102,Roosevelt/Racine,2020,2159364,0,0,11350000,0,12534243
1103,Roosevelt/Racine,2021,2737529,0,0,11350000,0,15271772
1104,Roosevelt/Racine,2022,3406221,0,0,11350000,0,18677993
1105,Roosevelt/Union,2014,4170092,0,0,0,0,4170092
1106,Roosevelt/Union,2015,3770087,0,0,0,0,7940179
1107,Roosevelt/Union,2016,5100764,0,0,0,0,13040943
1108,Roosevelt/Union,2017,5596706,0,0,0,0,18637649
1109,Roosevelt/Union,2018,5580155,0,0,0,0,24217804
1110,Roosevelt/Union,2019,5608811,0,0,0,0,29826615
1111,Roosevelt/Union,2020,6281284,0,0,0,0,36107899
1112,Roosevelt/Union,2021,6975000,0,0,0,0,43082899
1113,Roosevelt/Union,2022,5768991,0,0,0,0,48851890
1114,Roseland/Michigan Avenue,2014,161872,0,1400000,0,1400000,161872
1115,Roseland/Michigan Avenue,2015,371956,0,0,0,1400000,533828
1116,Roseland/Michigan Avenue,2016,387228,0,500000,0,1900000,921056
1117,Roseland/Michigan Avenue,2017,341769,0,233186,0,2133186,1262825
1118,Roseland/Michigan Avenue,2018,608518,0,946978,0,3080164,1871343
1119,Roseland/Michigan Avenue,2019,398817,0,0,0,3080164,2270160
1120,Roseland/Michigan Avenue,2020,477531,0,296120,0,3376284,2747691
1121,Roseland/Michigan Avenue,2021,632237,0,240135,0,3616419,3379928
1122,Roseland/Michigan Avenue,2022,196508,719405,349660,719405,3966079,3576436
1123,Sanitary Drainage and Ship Canal,2014,516230,0,0,0,0,516230
1124,Sanitary Drainage and Ship Canal,2015,598516,0,0,0,0,1114746
1125,Sanitary Drainage and Ship Canal,2016,484166,0,1000000,0,1000000,1598912
1126,Sanitary Drainage and Ship Canal,2017,574606,0,0,0,1000000,2173518
1127,Sanitary Drainage and Ship Canal,2018,887464,0,0,0,1000000,3060982
1128,Sanitary Drainage and Ship Canal,2019,686696,0,1280000,0,2280000,3747678
1129,Sanitary Drainage and Ship Canal,2020,1057998,0,0,0,2280000,4805676
1130,Sanitary Drainage and Ship Canal,2021,1246684,0,0,0,2280000,6052360
1131,Sanitary Drainage and Ship Canal,2022,1768936,0,0,0,2280000,7821296
1132,South Chicago,2014,1128096,0,0,0,0,1128096
1133,South Chicago,2015,1029776,0,0,0,0,2157872
1134,South Chicago,2016,1170969,0,2500000,0,2500000,3328841
1135,South Chicago,2017,1173058,0,0,0,2500000,4501899
1136,South Chicago,2018,1535490,0,0,0,2500000,6037389
1137,South Chicago,2019,1157562,0,0,0,2500000,7194951
1138,South Chicago,2020,1268261,0,0,0,2500000,8463212
1139,South Chicago,2021,1437995,0,0,0,2500000,9901207
1140,South Chicago,2022,777054,0,0,0,2500000,10678261
1141,South Works Industrial,2014,70279,0,0,0,0,70279
1142,South Works Industrial,2015,42335,0,0,0,0,112614
1143,South Works Industrial,2016,37637,0,0,0,0,150251
1144,South Works Industrial,2017,51664,0,0,0,0,201915
1145,South Works Industrial,2018,0,0,0,0,0,201915
1146,South Works Industrial,2019,0,0,0,0,0,201915
1147,Stevenson/Brighton,2014,5781,0,0,0,0,5781
1148,Stevenson/Brighton,2015,49580,0,0,0,0,55361
1149,Stevenson/Brighton,2016,2639732,2000000,0,2000000,0,2695093
1150,Stevenson/Brighton,2017,1872409,0,0,2000000,0,4567502
1151,Stevenson/Brighton,2018,3858324,300000,0,2300000,0,8425826
1152,Stevenson/Brighton,2019,4594951,4500000,0,6800000,0,13020777
1153,Stevenson/Brighton,2020,4848545,2500000,0,9300000,0,17869322
1154,Stevenson/Brighton,2021,4884167,0,0,9300000,0,22753489
1155,Stevenson/Brighton,2022,7848164,0,0,9300000,0,30601653
1156,Stockyards Annex,2014,742720,0,0,0,0,742720
1157,Stockyards Annex,2015,927164,0,1000000,0,1000000,1669884
1158,Stockyards Annex,2016,1445388,0,0,0,1000000,3115272
1159,Stockyards Annex,2017,1229762,0,0,0,1000000,4345034
1160,Stockyards Annex,2018,1932172,0,0,0,1000000,6277206
1161,Stockyards Annex,2019,1946471,0,0,0,1000000,8223677
1162,Stockyards Annex,2020,2492925,0,0,0,1000000,10716602
1163,Stockyards Southeast Quadrant Industrial,2014,1183366,0,0,0,0,1183366
1164,Stockyards Southeast Quadrant Industrial,2015,1437898,0,0,0,0,2621264
1165,Stockyards Southeast Quadrant Industrial,2016,1653824,0,0,0,0,4275088
1166,Stockyards Southeast Quadrant Industrial,2017,1423433,0,0,0,0,5698521
1167,Stockyards Southeast Quadrant Industrial,2018,1889945,0,0,0,0,7588466
1168,Stockyards Southeast Quadrant Industrial,2019,1606519,0,0,0,0,9194985
1169,Stockyards Southeast Quadrant Industrial,2020,2219030,0,0,0,0,11414015
1170,Stockyards Southeast Quadrant Industrial,2021,2321841,0,0,0,0,13735856
1171,Stockyards Southeast Quadrant Industrial,2022,2753819,0,0,0,0,16489675
1172,Stony Island Commercial/Burnside Industrial,2014,2731992,0,1765123,0,1765123,2731992
1173,Stony Island Commercial/Burnside Industrial,2015,2634251,0,1912840,0,3677963,5366243
1174,Stony Island Commercial/Burnside Industrial,2016,3035985,0,1823173,0,5501136,8402228
1175,Stony Island Commercial/Burnside Industrial,2017,3116385,0,1823236,0,7324372,11518613
1176,Stony Island Commercial/Burnside Industrial,2018,4086967,0,1822797,0,9147169,15605580
1177,Stony Island Commercial/Burnside Industrial,2019,3952899,0,3000000,0,12147169,19558479
1178,Stony Island Commercial/Burnside Industrial,2020,3625074,0,1500000,0,13647169,23183553
1179,Stony Island Commercial/Burnside Industrial,2021,5567551,0,2000000,0,15647169,28751104
1180,Stony Island Commercial/Burnside Industrial,2022,3881531,0,2000000,0,17647169,32632635
1181,Touhy/Western,2014,123787,1699498,0,1699498,0,123787
1182,Touhy/Western,2015,58988,1724652,0,3424150,0,182775
1183,Touhy/Western,2016,198146,1907049,0,5331199,0,380921
1184,Touhy/Western,2017,321536,1940921,0,7272120,0,702457
1185,Touhy/Western,2018,361450,1968193,0,9240313,0,1063907
1186,Touhy/Western,2019,598916,2106384,0,11346697,0,1662823
1187,Touhy/Western,2020,506198,3713311,0,15060008,0,2169021
1188,Touhy/Western,2021,1060676,3076677,0,18136685,0,3229697
1189,Touhy/Western,2022,960059,376636,0,18513321,0,4189756
1190,Washington Park,2014,0,0,0,0,0,0
1191,Washington Park,2015,31130,0,0,0,0,31130
1192,Washington Park,2016,93678,0,0,0,0,124808
1193,Washington Park,2017,401366,300000,0,300000,0,526174
1194,Washington Park,2018,928492,1587500,0,1887500,0,1454666
1195,Washington Park,2019,1211809,4762500,0,6650000,0,2666475
1196,Washington Park,2020,1338785,0,0,6650000,0,4005260
1197,Washington Park,2021,1783568,0,0,6650000,0,5788828
1198,Washington Park,2022,1763530,0,0,6650000,0,7552358
1199,Weed/Fremont,2014,179827,0,0,0,0,179827
1200,Weed/Fremont,2015,680002,0,0,0,0,859829
1201,Weed/Fremont,2016,818991,0,0,0,0,1678820
1202,Weed/Fremont,2017,818305,0,0,0,0,2497125
1203,Weed/Fremont,2018,431528,0,0,0,0,2928653
1204,West Irving Park,2014,586133,0,0,0,0,586133
1205,West Irving Park,2015,693725,0,0,0,0,1279858
1206,West Irving Park,2016,817604,0,0,0,0,2097462
1207,West Irving Park,2017,808878,0,0,0,0,2906340
1208,West Irving Park,2018,1352551,500000,1700000,500000,1700000,4258891
1209,West Irving Park,2019,1288033,0,0,500000,1700000,5546924
1210,West Irving Park,2020,1397400,0,0,500000,1700000,6944324
1211,West Irving Park,2021,1516622,0,0,500000,1700000,8460946
1212,West Irving Park,2022,1954629,0,0,500000,1700000,10415575
1213,West Pullman,2014,0,0,97500,0,0,0
1214,West Woodlawn,2014,-1083,250000,0,250000,0,-1083
1215,West Woodlawn,2015,-965,0,0,250000,0,-2048
1216,West Woodlawn,2016,-4276,0,0,250000,0,-6324
1217,West Woodlawn,2017,111,0,0,250000,0,-6213
1218,West Woodlawn,2018,-911,0,0,250000,0,-7124
1219,West Woodlawn,2019,320,800000,0,1050000,0,-6804
1220,West Woodlawn,2020,-41,0,0,1050000,0,-6845
1221,West Woodlawn,2021,85,0,0,1050000,0,-6760
1222,West Woodlawn,2022,13061,0,0,1050000,0,6301
1223,Western Avenue North,2014,3961138,0,1449328,0,1449328,3961138
1224,Western Avenue North,2015,5799099,0,1668129,0,3117457,9760237
1225,Western Avenue North,2016,7241338,0,3896743,0,7014200,17001575
1226,Western Avenue North,2017,7111942,0,1758015,0,8772215,24113517
1227,Western Avenue North,2018,9399511,250000,10866666,250000,19638881,33513028
1228,Western Avenue North,2019,8559650,0,366668,250000,20005549,42072678
1229,Western Avenue North,2020,9886608,0,2900000,250000,22905549,51959286
1230,Western Avenue North,2021,11612496,0,0,250000,22905549,63571782
1231,Western Avenue North,2022,10631083,0,0,250000,22905549,74202865
1232,Western Avenue South,2014,5415039,0,0,0,0,5415039
1233,Western Avenue South,2015,5932730,0,0,0,0,11347769
1234,Western Avenue South,2016,7665490,0,0,0,0,19013259
1235,Western Avenue South,2017,7179132,0,0,0,0,26192391
1236,Western Avenue South,2018,9169536,250000,0,250000,0,35361927
1237,Western Avenue South,2019,9731851,0,0,250000,0,45093778
1238,Western Avenue South,2020,11144073,0,0,250000,0,56237851
1239,Western Avenue South,2021,12468247,0,0,250000,0,68706098
1240,Western Avenue South,2022,12625928,0,0,250000,0,81332026
1241,Western/Ogden,2014,5672237,0,0,0,0,5672237
1242,Western/Ogden,2015,6817143,0,0,0,0,12489380
1243,Western/Ogden,2016,10362400,0,0,0,0,22851780
1244,Western/Ogden,2017,6651437,0,2250000,0,2250000,29503217
1245,Western/Ogden,2018,10971584,0,5500000,0,7750000,40474801
1246,Western/Ogden,2019,9441832,0,10350000,0,18100000,49916633
1247,Western/Ogden,2020,11737673,0,0,0,18100000,61654306
1248,Western/Ogden,2021,14782600,0,0,0,18100000,76436906
1249,Western/Ogden,2022,13426975,0,0,0,18100000,89863881
1250,Western Avenue/Rock Island,2014,160698,0,0,0,0,160698
1251,Western Avenue/Rock Island,2015,357291,0,0,0,0,517989
1252,Western Avenue/Rock Island,2016,461589,1700000,0,1700000,0,979578
1253,Western Avenue/Rock Island,2017,663934,1500000,0,3200000,0,1643512
1254,Western Avenue/Rock Island,2018,1219200,1831115,0,5031115,0,2862712
1255,Western Avenue/Rock Island,2019,1203203,1000000,1200000,6031115,1200000,4065915
1256,Western Avenue/Rock Island,2020,1434037,0,0,6031115,1200000,5499952
1257,Western Avenue/Rock Island,2021,1354603,0,0,6031115,1200000,6854555
1258,Western Avenue/Rock Island,2022,1425077,0,0,6031115,1200000,8279632
1259,Wilson Yard,2014,6259683,0,0,0,0,6259683
1260,Wilson Yard,2015,5905360,0,0,0,0,12165043
1261,Wilson Yard,2016,7196194,0,0,0,0,19361237
1262,Wilson Yard,2017,7260291,0,0,0,0,26621528
1263,Wilson Yard,2018,9384917,0,0,0,0,36006445
1264,Wilson Yard,2019,8648801,0,0,0,0,44655246
1265,Wilson Yard,2020,10600779,20473465,7903434,20473465,7903434,55256025
1266,Wilson Yard,2021,11806561,0,0,20473465,7903434,67062586
1267,Wilson Yard,2022,12419621,2125852,0,22599317,7903434,79482207
1268,Woodlawn,2014,2617189,0,1535981,0,1535981,2617189
1269,Woodlawn,2015,2298703,0,1285417,0,2821398,4915892
1270,Woodlawn,2016,2987098,0,1426041,0,4247439,7902990
1271,Woodlawn,2017,3028018,0,1851069,0,6098508,10931008
1272,Woodlawn,2018,3544196,0,1850624,0,7949132,14475204
1273,Woodlawn,2019,3660943,0,5800000,0,13749132,18136147
1274,Woodlawn,2020,4203405,0,0,0,13749132,22339552
1275,Woodlawn,2021,4922348,0,0,0,13749132,27261900
1276,Woodlawn,2022,5052940,0,2000000,0,15749132,32314840
